{"cameraMode":{"drawMode":0,"name":"Shaded","section":"Shading Mode"},"sceneLighting":false,"audioPlay":false,"sceneViewState":{"showFog":true,"showMaterialUpdate":true,"showSkybox":false,"showFlares":true,"showImageEffects":true,"showParticleSystems":true},"in2DMode":false,"pivot":{"x":0.23000001907348634,"y":0.24500000476837159,"z":-5.3389997482299809},"rotation":{"x":0.050358738750219348,"y":-0.6443407535552979,"z":0.04258748143911362,"w":0.7618893384933472},"size":4.9258503913879398,"orthographic":false}