{"cameraMode":{"drawMode":0,"name":"Shaded","section":"Shading Mode"},"sceneLighting":true,"audioPlay":false,"sceneViewState":{"showFog":true,"showMaterialUpdate":true,"showSkybox":true,"showFlares":true,"showImageEffects":true,"showParticleSystems":true},"in2DMode":false,"pivot":{"x":-1.0631085634231568,"y":5.1779680252075199,"z":2.2618565559387209},"rotation":{"x":-0.579645037651062,"y":-0.005625155288726091,"z":0.004000414628535509,"w":-0.8148398995399475},"size":25.428787231445314,"orthographic":false}