{"cameraMode":{"drawMode":0,"name":"Shaded","section":"Shading Mode"},"sceneLighting":false,"audioPlay":false,"sceneViewState":{"showFog":true,"showMaterialUpdate":true,"showSkybox":false,"showFlares":true,"showImageEffects":true,"showParticleSystems":true},"in2DMode":false,"pivot":{"x":0.23000001907348634,"y":1.7999999523162842,"z":-5.3389997482299809},"rotation":{"x":0.2506386637687683,"y":-0.4999812841415405,"z":0.15384112298488618,"w":0.8145747184753418},"size":0.2857886850833893,"orthographic":false}