{"cameraMode":{"drawMode":0,"name":"Shaded","section":"Shading Mode"},"sceneLighting":false,"audioPlay":false,"sceneViewState":{"showFog":true,"showMaterialUpdate":true,"showSkybox":false,"showFlares":true,"showImageEffects":true,"showParticleSystems":true},"in2DMode":false,"pivot":{"x":0.23000001907348634,"y":2.5999999046325685,"z":-3.8199996948242189},"rotation":{"x":-0.0931696817278862,"y":0.6580495834350586,"z":-0.08255995064973831,"w":-0.7426130771636963},"size":0.2857882082462311,"orthographic":false}