{"cameraMode":{"drawMode":0,"name":"Shaded","section":"Shading Mode"},"sceneLighting":false,"audioPlay":false,"sceneViewState":{"showFog":true,"showMaterialUpdate":true,"showSkybox":false,"showFlares":true,"showImageEffects":true,"showParticleSystems":true},"in2DMode":false,"pivot":{"x":0.23000000417232514,"y":1.0350000858306885,"z":-12.369999885559082},"rotation":{"x":0.2506386637687683,"y":-0.4999812841415405,"z":0.15384112298488618,"w":0.8145747184753418},"size":0.28578871488571169,"orthographic":false}