{"cameraMode":{"drawMode":0,"name":"Shaded","section":"Shading Mode"},"sceneLighting":true,"audioPlay":false,"sceneViewState":{"showFog":true,"showMaterialUpdate":false,"showSkybox":true,"showFlares":true,"showImageEffects":true,"showParticleSystems":true},"in2DMode":false,"pivot":{"x":67.1423110961914,"y":-59.398780822753909,"z":-56.35851287841797},"rotation":{"x":-0.13917814195156098,"y":-0.8544989228248596,"z":0.29296550154685976,"w":-0.40581583976745608},"size":159.21109008789063,"orthographic":false}